{
    "rmse": 0.6461626205746939,
    "mae": 0.5156682666887333,
    "r2": 0.3061756765768673
}