{
    "rmse": 0.6549313701886537,
    "mae": 0.5112160260557713,
    "r2": 0.3300440657840277
}