{
    "rmse": 0.6714852587054347,
    "mae": 0.530892346936642,
    "r2": 0.2249710753148476
}